
# UPDATE prefix_monit_education SET yearid=3 where typeeducation=1;

ALTER TABLE prefix_monit_accr_criteria ADD COLUMN yearid INTEGER UNSIGNED NOT NULL DEFAULT 2 AFTER id;

ALTER TABLE prefix_monit_accr_criteria ADD COLUMN type_ou TINYINT UNSIGNED NOT NULL DEFAULT 0 AFTER yearid;

ALTER TABLE prefix_monit_accr_indicator ADD COLUMN description VARCHAR(500) AFTER name;

ALTER TABLE prefix_monit_accreditation ADD COLUMN udodid INTEGER UNSIGNED NOT NULL DEFAULT 0 AFTER schoolid;

ALTER TABLE prefix_monit_accreditation ADD COLUMN douid INTEGER UNSIGNED NOT NULL DEFAULT 0 AFTER udodid;

ALTER TABLE prefix_monit_accr_remark ADD COLUMN udodid INTEGER UNSIGNED NOT NULL DEFAULT 0 AFTER schoolid;

ALTER TABLE prefix_monit_accr_remark ADD COLUMN douid INTEGER UNSIGNED NOT NULL DEFAULT 0 AFTER udodid;

INSERT INTO prefix_monit_accr_criteria (id, yearid, type_ou, num, name) VALUES (10,3,0,'1','Нормативно-правовое обеспечение деятельности общеобразовательного учреждения');
INSERT INTO prefix_monit_accr_criteria (id, yearid, type_ou, num, name) VALUES (11,3,0,'2','Соответствие структуры общеобразовательного учреждения государственным требованиям');
INSERT INTO prefix_monit_accr_criteria (id, yearid, type_ou, num, name) VALUES (12,3,0,'3','Соответствие уровня и направленности образовательной программы государственным требованиям');
INSERT INTO prefix_monit_accr_criteria (id, yearid, type_ou, num, name) VALUES (13,3,0,'4','Кадровое обеспечение общеобразовательного учреждения');
INSERT INTO prefix_monit_accr_criteria (id, yearid, type_ou, num, name) VALUES (14,3,0,'5','Качество подготовки выпускников');
INSERT INTO prefix_monit_accr_criteria (id, yearid, type_ou, num, name) VALUES (15,3,0,'6','Информационно-техническое и программно-методическое обеспечение образовательного процесса');
INSERT INTO prefix_monit_accr_criteria (id, yearid, type_ou, num, name) VALUES (16,3,0,'7','Медико-социальные условия пребывания детей в общеобразовательном учреждении');

INSERT INTO prefix_monit_accr_criteria (id, yearid, type_ou, num, name) VALUES (20,3,3,'1.1','Организационно-правовое обеспечение образовательного процесса');
INSERT INTO prefix_monit_accr_criteria (id, yearid, type_ou, num, name) VALUES (21,3,3,'1.2','Кадровое обеспечение образовательного процесса');
INSERT INTO prefix_monit_accr_criteria (id, yearid, type_ou, num, name) VALUES (22,3,3,'1.3','Материально-технической база образовательного процесса');
INSERT INTO prefix_monit_accr_criteria (id, yearid, type_ou, num, name) VALUES (23,3,3,'1.4','Учебно-методическая база и информационно-техническое обеспечение образовательного процесса');
INSERT INTO prefix_monit_accr_criteria (id, yearid, type_ou, num, name) VALUES (24,3,3,'2','Соответствие уровня и направленности реализуемых образовательных программ и организации образовательной деятельности государственным требованиям');
INSERT INTO prefix_monit_accr_criteria (id, yearid, type_ou, num, name) VALUES (25,3,3,'3','Результативность образовательной деятельности');

INSERT INTO prefix_monit_accr_criteria (id, yearid, type_ou, num, name) VALUES (30,3,1,'1','Нормативно-правовое обеспечение деятельности учреждения');
INSERT INTO prefix_monit_accr_criteria (id, yearid, type_ou, num, name) VALUES (31,3,1,'2','Уровень и направленность реализуемых программ');
INSERT INTO prefix_monit_accr_criteria (id, yearid, type_ou, num, name) VALUES (32,3,1,'3','Структура ДОУ');
INSERT INTO prefix_monit_accr_criteria (id, yearid, type_ou, num, name) VALUES (33,3,1,'4','Качество дошкольного образования');
INSERT INTO prefix_monit_accr_criteria (id, yearid, type_ou, num, name) VALUES (34,3,1,'5','Кадровое обеспечение образовательного процесса');
INSERT INTO prefix_monit_accr_criteria (id, yearid, type_ou, num, name) VALUES (35,3,1,'6','Информационно-техническое обеспечение образовательного процесса');
INSERT INTO prefix_monit_accr_criteria (id, yearid, type_ou, num, name) VALUES (36,3,1,'7','Материально-технические и медико-социальные условия пребывания детей в ДОУ');

INSERT INTO prefix_monit_accr_indicator (id, criteriaid, num, name, description) VALUES (100,10,'01','Устав ОУ','Устав образовательного учреждения, утвержденного в установленном порядке ');
INSERT INTO prefix_monit_accr_indicator (id, criteriaid, num, name, description) VALUES (101,10,'02','Локальные акты согласно уставу','Устав образовательного учреждения, локальные акты');
INSERT INTO prefix_monit_accr_indicator (id, criteriaid, num, name, description) VALUES (102,10,'03','Договор с учредителем','Договор с учредителем');
INSERT INTO prefix_monit_accr_indicator (id, criteriaid, num, name, description) VALUES (103,10,'04','Лицензия на право осуществления образовательной деятельности по всем реализуемым образовательным программам','Лицензия, приложения');
INSERT INTO prefix_monit_accr_indicator (id, criteriaid, num, name, description) VALUES (104,10,'05','Свидетельство о государственной аккредитации по всем реализуемым образовательным программам','Свидетельство о государственной аккредитации');
INSERT INTO prefix_monit_accr_indicator (id, criteriaid, num, name, description) VALUES (105,10,'06','Номенклатура дел','Приказ об утверждении Номенклатуры дел');
INSERT INTO prefix_monit_accr_indicator (id, criteriaid, num, name, description) VALUES (106,10,'07','Акт готовности ОУ к текущему учебному году','Акт готовности образовательного учреждения к текущему учебному году');
INSERT INTO prefix_monit_accr_indicator (id, criteriaid, num, name, description) VALUES (107,11,'01а','Ступени обучения (перечень ступеней (1,2,3); срок освоения каждой ступени)','Устав, лицензия, учебный план');
INSERT INTO prefix_monit_accr_indicator (id, criteriaid, num, name, description) VALUES (108,11,'01б','Ступени обучения (перечень ступеней (1,2,3); срок освоения каждой ступени)','Устав, лицензия, учебный план');
INSERT INTO prefix_monit_accr_indicator (id, criteriaid, num, name, description) VALUES (109,11,'02','Классы, наполняемость, деление на группы при проведении занятий по иностранному языку и трудовому обучению на второй и третьей ступенях общего образования, физической культуре на третьей ступени общего образования, по информатике, и ИКТ, физике и химии (во время практических занятий, если наполняемость класса 25 человек для городской местности и 20 для сельской)','Устав, учебный план, расписание учебных занятий, отчёт ОШ-1. ');
INSERT INTO prefix_monit_accr_indicator (id, criteriaid, num, name, description) VALUES (110,11,'03','Группы продлённого дня (для школ без круглосуточного пребывания детей)','Устав, отчёт ОШ-1, приказы о создании групп продлённого дня');
INSERT INTO prefix_monit_accr_indicator (id, criteriaid, num, name, description) VALUES (111,11,'04','Группы детей дошкольного возраста (при наличии)','Устав, лицензия, учебный план, приказы по учреждению');
INSERT INTO prefix_monit_accr_indicator (id, criteriaid, num, name, description) VALUES (112,11,'05','Наличие классов компенсирующего обучения, или специальных (коррекционных) классов для обучающихся с отклонениями в развитии','Устав, лицензия, свидетельство об аккредитации, локальный акт');
INSERT INTO prefix_monit_accr_indicator (id, criteriaid, num, name, description) VALUES (113,11,'06','Основные формы органов самоуправления (общее собрание, управляющий совет, педагогический совет, попечительский совет, родительский комитет и др.) ','Устав, локальные акты, регламентирующие деятельность органов самоуправления');
INSERT INTO prefix_monit_accr_indicator (id, criteriaid, num, name, description) VALUES (114,11,'07','Публичный доклад за минувший учебный год','Сайт в Интернете');
INSERT INTO prefix_monit_accr_indicator (id, criteriaid, num, name, description) VALUES (115,12,'01','Наличие разработанной и утверждённой образовательной программы','Решение органа самоуправления ОУ');
INSERT INTO prefix_monit_accr_indicator (id, criteriaid, num, name, description) VALUES (116,12,'02','Программа развития образовательного учреждения','Программа, решение органа самоуправления об утверждении программы развития');
INSERT INTO prefix_monit_accr_indicator (id, criteriaid, num, name, description) VALUES (117,12,'03','Наличие основных общеобразовательных программ в соответствии с заявленным статусом:<br>1)дошкольного образования;<br>2)начального общего образования;<br>3)основного общего образования;<br>4)среднего (полного) общего образования','Лицензия на право ведения образовательной деятельности');
INSERT INTO prefix_monit_accr_indicator (id, criteriaid, num, name, description) VALUES (118,12,'04','Наличие общеобразовательных программ начального общего образования, основного общего образования и среднего (полного) общего образования, обеспечивающих дополнительную (углубленную) подготовку обучающихся по одному или нескольким предметам','Лицензия на право ведения образовательной деятельности');
INSERT INTO prefix_monit_accr_indicator (id, criteriaid, num, name, description) VALUES (119,12,'05','Наличие программ предпрофильного уровня','Лицензия на право ведения образовательной деятельности');
INSERT INTO prefix_monit_accr_indicator (id, criteriaid, num, name, description) VALUES (120,12,'06','Наличие программ профильного уровня по предметам: гуманитарного, физико-математического, информационно-технологического, естественно-научного, сельскохозяйственного, социально-экономического и др. профилей','Лицензия на право ведения образовательной деятельности');
INSERT INTO prefix_monit_accr_indicator (id, criteriaid, num, name, description) VALUES (121,12,'07','Наличие дополнительных платных образовательных услуг','Лицензия на право ведения образовательной деятельности, локальные акты');
INSERT INTO prefix_monit_accr_indicator (id, criteriaid, num, name, description) VALUES (122,12,'08','Наличие программ предшкольного образования для выравнивания стартовых условий','Лицензия на право ведения образовательной деятельности');
INSERT INTO prefix_monit_accr_indicator (id, criteriaid, num, name, description) VALUES (123,12,'09','Наличие коррекционно-развивающих программ для детей с ограниченными возможностями здоровья ','Лицензия на право ведения образовательной деятельности');
INSERT INTO prefix_monit_accr_indicator (id, criteriaid, num, name, description) VALUES (124,12,'10','Наличие дополнительных образовательных программ по следующим направленностям:<br>-научно-технической;<br>-спортивно-технической;<br>-художественной;<br>-физкультурно-спортивной;<br>-туристско-краеведческой;<br>-эколого-биологической;<br>-военно-патриотической;<br>-социально-педагогической;<br>-социально-экономической;<br>-естественно-научной. ','Лицензия на право ведения образовательной деятельности');
INSERT INTO prefix_monit_accr_indicator (id, criteriaid, num, name, description) VALUES (125,12,'11','100% охват обучающихся 9 классов программами предпрофильной подготовки','ОШ-1');
INSERT INTO prefix_monit_accr_indicator (id, criteriaid, num, name, description) VALUES (126,12,'12','Наличие обучающихся, охваченных профильным обучением на основе индивидуальных учебных планов','ОШ-1');
INSERT INTO prefix_monit_accr_indicator (id, criteriaid, num, name, description) VALUES (127,12,'13','Организация предпрофильной подготовки и профильного обучения в условиях сетевого взаимодействия','Договоры с образовательными учреждениями по организации предпрофильной подготовки и профильного обучения');
INSERT INTO prefix_monit_accr_indicator (id, criteriaid, num, name, description) VALUES (128,12,'14','Наличие образовательных программ по раннему изучению иностранного языка','Лицензия на право ведения образовательной деятельности. Учебный план');
INSERT INTO prefix_monit_accr_indicator (id, criteriaid, num, name, description) VALUES (129,12,'15','Новые образовательные технологии в преподавании физической культуры, иностранного языка, обществоведческих дисциплин. ','Документы о внедрении, апробации, обобщению опыта и т.п.');
INSERT INTO prefix_monit_accr_indicator (id, criteriaid, num, name, description) VALUES (130,12,'16','Форма освоения образовательных программ (очная, очно-заочная (вечерняя), заочная; семейное образование, самообразование, экстернат). Дистанционное обучение','Устав, классные журналы, приказы по школе');
INSERT INTO prefix_monit_accr_indicator (id, criteriaid, num, name, description) VALUES (131,12,'17','Рабочие программы и их типы (государственные, авторизованные, авторские)','Информационная справка');
INSERT INTO prefix_monit_accr_indicator (id, criteriaid, num, name, description) VALUES (132,12,'18','Годовой календарный учебный график','Утверждённый и согласованный годовой календарный учебный график (Примечание: cогласно п. 2 статьи 32 Закона РФ «Об образовании», к компетенции образовательного учреждения относится разработка и утверждение по согласованию с органами местного самоуправления годовых календарных учебных графиков)');
INSERT INTO prefix_monit_accr_indicator (id, criteriaid, num, name, description) VALUES (133,12,'19','Расписание занятий ','Расписание занятий, приказ об утверждении, дата согласования с Роспотребнадзором ');
INSERT INTO prefix_monit_accr_indicator (id, criteriaid, num, name, description) VALUES (134,12,'20','Продолжительность учебной недели','Устав, учебный план, расписание учебных занятий (П. 41 Типового положения об общеобразовательном учреждении. Режим работы общеобразовательного учреждения по пятидневной или шестидневной неделе определяется общеобразовательным учреждением самостоятельно.)');
INSERT INTO prefix_monit_accr_indicator (id, criteriaid, num, name, description) VALUES (135,12,'21','Продолжительность учебного года','Устав, годовой календарный учебный график');
INSERT INTO prefix_monit_accr_indicator (id, criteriaid, num, name, description) VALUES (136,12,'22','Продолжительность каникул','Устав, годовой календарный учебный график');
INSERT INTO prefix_monit_accr_indicator (id, criteriaid, num, name, description) VALUES (137,12,'23','Продолжительность урока','Устав, расписание учебных занятий');
INSERT INTO prefix_monit_accr_indicator (id, criteriaid, num, name, description) VALUES (138,13,'01','Уровень обеспеченности образовательного учреждения квалифицированными педагогическими кадрами по каждому из предметов учебного плана (в %)','РИК-83, тарификационные списки');
INSERT INTO prefix_monit_accr_indicator (id, criteriaid, num, name, description) VALUES (139,13,'02','Образовательный ценз педагогических работников','Личные дела педагогических работников, копии документов об образовании, тарификационный список, ежегодный государственный статистический отчет');
INSERT INTO prefix_monit_accr_indicator (id, criteriaid, num, name, description) VALUES (140,13,'03','Доля педагогических работников, имеющих базовое образование по преподаваемому предмету','Личные дела педагогических работников, трудовые книжки, ежегодный государственный статистический отчет');
INSERT INTO prefix_monit_accr_indicator (id, criteriaid, num, name, description) VALUES (141,13,'04','Доля педагогических работников с высшей квалификационной категорией','Личные дела педагогических работников, аттестационные листы, трудовые книжки, ежегодный государственный статистический отчет');
INSERT INTO prefix_monit_accr_indicator (id, criteriaid, num, name, description) VALUES (142,13,'05','Доля педагогических работников, прошедших курсовую подготовку в течение последних 5-ти лет','Копии документов о повышении квалификации, ежегодный государственный статистический отчет');
INSERT INTO prefix_monit_accr_indicator (id, criteriaid, num, name, description) VALUES (143,13,'06','Наличие педагогических работников с обобщённым на региональном уровне опытом работы (за 3 последних года)','Информационная справка, копии документов о внесении опыта в региональный банк актуального педагогического опыта');
INSERT INTO prefix_monit_accr_indicator (id, criteriaid, num, name, description) VALUES (144,13,'07','Наличие педагогов – победителей региональных конкурсов профессионального мастерства (за 3 последних года)','Информационная справка, копии подтверждающих участие в конкурсах документов');
INSERT INTO prefix_monit_accr_indicator (id, criteriaid, num, name, description) VALUES (145,14,'01','Качество подготовки выпускников по итогам года для начальной школы (за 3 года)','Мониторинг образовательной деятельности, классные журналы');
INSERT INTO prefix_monit_accr_indicator (id, criteriaid, num, name, description) VALUES (146,14,'02','Качество подготовки выпускников по итогам года для основной школы (за 3 года)','Мониторинг образовательной деятельности, классные журналы');
INSERT INTO prefix_monit_accr_indicator (id, criteriaid, num, name, description) VALUES (147,14,'03','Качество подготовки выпускников по итогам года для средней школы (за 3 года)','Мониторинг образовательной деятельности классные журналы');
INSERT INTO prefix_monit_accr_indicator (id, criteriaid, num, name, description) VALUES (148,14,'04','Качество подготовки выпускников по итогам года: средний балл на экзамене по русскому языку в 9-х классах (новая форма)','Мониторинг образовательной деятельности, классные журналы, ежегодный государственный статистический отчет');
INSERT INTO prefix_monit_accr_indicator (id, criteriaid, num, name, description) VALUES (149,14,'05','Качество подготовки выпускников по итогам года: средний балл на экзамене по алгебре в 9-х классах (новая форма','Мониторинг образовательной деятельности, классные журналы, ежегодный государственный статистический отчет');
INSERT INTO prefix_monit_accr_indicator (id, criteriaid, num, name, description) VALUES (150,14,'06','Качество подготовки выпускников по итогам года: средний балл ЕГЭ по математике в 11 классах','Мониторинг образовательной деятельности, классные журналы, ежегодный государственный статистический отчет');
INSERT INTO prefix_monit_accr_indicator (id, criteriaid, num, name, description) VALUES (151,14,'07','Качество подготовки выпускников по итогам года: средний балл ЕГЭ по русскому языку','Мониторинг образовательной деятельности, классные журналы, ежегодный государственный статистический отчет');
INSERT INTO prefix_monit_accr_indicator (id, criteriaid, num, name, description) VALUES (152,14,'08а','Качество подготовки выпускников по итогам года: результаты ЕГЭ по предмету <b>Физика</b> (ежегодный областной показатель 49,34)','Мониторинг образовательной деятельности, классные журналы, ежегодный государственный статистический отчет');
INSERT INTO prefix_monit_accr_indicator (id, criteriaid, num, name, description) VALUES (153,14,'08б','Качество подготовки выпускников по итогам года: результаты ЕГЭ по предмету <b>Химия</b> (ежегодный областной показатель 56,49)','Мониторинг образовательной деятельности, классные журналы, ежегодный государственный статистический отчет');
INSERT INTO prefix_monit_accr_indicator (id, criteriaid, num, name, description) VALUES (154,14,'08в','Качество подготовки выпускников по итогам года: результаты ЕГЭ по предмету <b><b>Информатика и ИКТ</b></b> (ежегодный областной показатель 56,40)','Мониторинг образовательной деятельности, классные журналы, ежегодный государственный статистический отчет');
INSERT INTO prefix_monit_accr_indicator (id, criteriaid, num, name, description) VALUES (155,14,'08г','Качество подготовки выпускников по итогам года: результаты ЕГЭ по предмету <b>Биология</b> (ежегодный областной показатель 51,85)','Мониторинг образовательной деятельности, классные журналы, ежегодный государственный статистический отчет');
INSERT INTO prefix_monit_accr_indicator (id, criteriaid, num, name, description) VALUES (156,14,'08д','Качество подготовки выпускников по итогам года: результаты ЕГЭ по предмету <b>История</b> (ежегодный областной показатель 50,34)','Мониторинг образовательной деятельности, классные журналы, ежегодный государственный статистический отчет');
INSERT INTO prefix_monit_accr_indicator (id, criteriaid, num, name, description) VALUES (157,14,'08е','Качество подготовки выпускников по итогам года: результаты ЕГЭ по предмету <b>География</b> (ежегодный областной показатель 49,04)','Мониторинг образовательной деятельности, классные журналы, ежегодный государственный статистический отчет');
INSERT INTO prefix_monit_accr_indicator (id, criteriaid, num, name, description) VALUES (158,14,'08ж','Качество подготовки выпускников по итогам года: результаты ЕГЭ по предмету <b>Английский язык</b> (ежегодный областной показатель 63,87)','Мониторинг образовательной деятельности, классные журналы, ежегодный государственный статистический отчет');
INSERT INTO prefix_monit_accr_indicator (id, criteriaid, num, name, description) VALUES (159,14,'08з','Качество подготовки выпускников по итогам года: результаты ЕГЭ по предмету <b>Немецкий язык</b> (ежегодный областной показатель 46,44)','Мониторинг образовательной деятельности, классные журналы, ежегодный государственный статистический отчет');
INSERT INTO prefix_monit_accr_indicator (id, criteriaid, num, name, description) VALUES (160,14,'08и','Качество подготовки выпускников по итогам года: результаты ЕГЭ по предмету <b>Обществознание</b> (ежегодный областной показатель 56,38)','Мониторинг образовательной деятельности, классные журналы, ежегодный государственный статистический отчет');
INSERT INTO prefix_monit_accr_indicator (id, criteriaid, num, name, description) VALUES (161,14,'08к','Качество подготовки выпускников по итогам года: результаты ЕГЭ по предмету <b>Литература</b> (ежегодный областной показатель 58,80)','Мониторинг образовательной деятельности, классные журналы, ежегодный государственный статистический отчет');
INSERT INTO prefix_monit_accr_indicator (id, criteriaid, num, name, description) VALUES (162,14,'09а','% выпускников (9 кл), продолжающих образование в <b>10 классе</b>','Мониторинг образовательной деятельности, классные журналы, ежегодный государственный статистический отчет');
INSERT INTO prefix_monit_accr_indicator (id, criteriaid, num, name, description) VALUES (163,14,'09б','% выпускников (9 кл), продолжающих образование в <b>СПО</b>','Мониторинг образовательной деятельности, классные журналы, ежегодный государственный статистический отчет');
INSERT INTO prefix_monit_accr_indicator (id, criteriaid, num, name, description) VALUES (164,14,'10а','% выпускников (11 кл), продолжающих образование в <b>ВУЗах</b>','Мониторинг образовательной деятельности, классные журналы, ежегодный государственный статистический отчет');
INSERT INTO prefix_monit_accr_indicator (id, criteriaid, num, name, description) VALUES (165,14,'10б','% выпускников (11 кл), продолжающих образование в <b>СПО</b>','Мониторинг образовательной деятельности, классные журналы, ежегодный государственный статистический отчет');
INSERT INTO prefix_monit_accr_indicator (id, criteriaid, num, name, description) VALUES (166,14,'11а','Наличие обучающихся, победителей и призеров олимпиад и конкурсов на <b>федеральном уровне</b> за 3 последних года','Мониторинг образовательной деятельности');
INSERT INTO prefix_monit_accr_indicator (id, criteriaid, num, name, description) VALUES (167,14,'11б','Наличие обучающихся, победителей и призеров олимпиад и конкурсов на <b>региональном уровне</b> за 3 последних года','Мониторинг образовательной деятельности');
INSERT INTO prefix_monit_accr_indicator (id, criteriaid, num, name, description) VALUES (168,14,'11в','Наличие обучающихся, победителей и призеров олимпиад и конкурсов на <b>муниципальном уровне</b> за 3 последних года','Мониторинг образовательной деятельности');
INSERT INTO prefix_monit_accr_indicator (id, criteriaid, num, name, description) VALUES (169,14,'12','Удовлетворенность родителей качеством предоставляемых образовательных услуг ','По данным составленного на муниципальном уровне формата опроса родителей');
INSERT INTO prefix_monit_accr_indicator (id, criteriaid, num, name, description) VALUES (170,15,'01','Количество обучающихся на 1 компьютер (занятых в учебном процессе)','Анализ информационно-технического и программно-методического обеспечения образовательного процесса, ежегодный государственный статистический отчет');
INSERT INTO prefix_monit_accr_indicator (id, criteriaid, num, name, description) VALUES (171,15,'02','Наличие внутришкольной локальной сети ','Анализ информационно-технического и программно-методического обеспечения образовательного процесса, ежегодный государственный статистический отчет');
INSERT INTO prefix_monit_accr_indicator (id, criteriaid, num, name, description) VALUES (172,15,'03','Наличие у учреждения мультимедийных проекторов','Анализ информационно-технического и программно-методического обеспечения образовательного процесса, ежегодный государственный статистический отчет');
INSERT INTO prefix_monit_accr_indicator (id, criteriaid, num, name, description) VALUES (173,15,'04','Использование в образовательном процессе интерактивных досок','Анализ информационно-технического и программно-методического обеспечения образовательного процесса, ежегодный государственный статистический отчет');
INSERT INTO prefix_monit_accr_indicator (id, criteriaid, num, name, description) VALUES (174,15,'05','Наличие у учреждения комплекта лицензионного общесистемного и прикладного программного обеспечения (операционная система, офисные программы (редакторы текстов, таблиц), СУБД, навигаторы)','Анализ информационно-технического и программно-методического обеспечения образовательного процесса');
INSERT INTO prefix_monit_accr_indicator (id, criteriaid, num, name, description) VALUES (175,15,'06','Наличие лингафонного кабинета ','Акт приемки школы');
INSERT INTO prefix_monit_accr_indicator (id, criteriaid, num, name, description) VALUES (176,15,'07','Наличие оснащенных предметных кабинетов в соответствии с реализуемыми программами (% от общего количества учебных кабинетов)','Акт приемки школы');
INSERT INTO prefix_monit_accr_indicator (id, criteriaid, num, name, description) VALUES (177,15,'08','Наличие учебных кабинетов, в которых установлены автоматизированные рабочие места (АРМ) ','Акт приемки школы');
INSERT INTO prefix_monit_accr_indicator (id, criteriaid, num, name, description) VALUES (178,15,'09','Наличие учебных кабинетов, имеющих паспорта','Акт приемки школы, ежегодный государственный статистический отчет');
INSERT INTO prefix_monit_accr_indicator (id, criteriaid, num, name, description) VALUES (179,15,'10','Доля учебных изданий, соответствующих Федеральному перечню учебников','Акт приемки школы, ежегодный государственный статистический отчет');
INSERT INTO prefix_monit_accr_indicator (id, criteriaid, num, name, description) VALUES (180,16,'01','Наличие лицензии на ведение медицинской деятельности или договора с учреждениями здравоохранения на медицинское обслуживание обучающихся','Лицензия на ведение медицинской деятельности , договор с учреждениями здравоохранения на медицинское обслуживание обучающихся');
INSERT INTO prefix_monit_accr_indicator (id, criteriaid, num, name, description) VALUES (181,16,'02','Наличие спортзала оснащенного необходимым спортивным оборудованием и инвентарем в соответствии с требованиями СанПин','Акт приемки школы, ежегодный государственный статистический отчет');
INSERT INTO prefix_monit_accr_indicator (id, criteriaid, num, name, description) VALUES (182,16,'03','Организация подвоза обучающихся внутри образовательного или школьного округа','Договоры между образовательными учреждениями');

INSERT INTO prefix_monit_accr_indicator (id, criteriaid, num, name, description) VALUES (200,20,'01','Наличие устава образовательного учреждения, утвержденного в установленном порядке','Устав ОУ');
INSERT INTO prefix_monit_accr_indicator (id, criteriaid, num, name, description) VALUES (201,20,'02','Наличие локальных актов в соответствии с перечнем и уставом ОУ','Локальные акты');
INSERT INTO prefix_monit_accr_indicator (id, criteriaid, num, name, description) VALUES (202,20,'03','Наличие лицензии с приложением по всем реализуемым программам','Лицензия с приложением');
INSERT INTO prefix_monit_accr_indicator (id, criteriaid, num, name, description) VALUES (203,20,'04','Наличие свидетельства о государственной аккредитации','Свидетельство о государственной аккредитации');
INSERT INTO prefix_monit_accr_indicator (id, criteriaid, num, name, description) VALUES (204,20,'05','Наличие лицензии на медицинскую деятельность (для ОУ, имеющих в штате медицинских работников)','Лицензия на медицинскую деятельность');
INSERT INTO prefix_monit_accr_indicator (id, criteriaid, num, name, description) VALUES (205,20,'06','Наличие договора с учредителем','Договор с учредителем');
INSERT INTO prefix_monit_accr_indicator (id, criteriaid, num, name, description) VALUES (206,20,'07','Наличие свидетельства о регистрации права пользования земельным участком','Свидетельство о регистрации права пользования земельным участком');
INSERT INTO prefix_monit_accr_indicator (id, criteriaid, num, name, description) VALUES (207,20,'08','Наличие номенклатуры дел ОУ в соответствии с утвержденным перечнем','Приказ по учреждению об утверждении номенклатуры дел');
INSERT INTO prefix_monit_accr_indicator (id, criteriaid, num, name, description) VALUES (208,20,'09','Наличие акта готовности образовательного учреждения к текущему учебному году','Акт готовности образовательного учреждения к текущему учебному году');
INSERT INTO prefix_monit_accr_indicator (id, criteriaid, num, name, description) VALUES (209,21,'01','Количество педагогов, имеющих высшее образование','Тарификациионый список, личные дела');
INSERT INTO prefix_monit_accr_indicator (id, criteriaid, num, name, description) VALUES (210,21,'02','Количество педагогов, имеющих профильное образование','Тарификациионый список, личные дела');
INSERT INTO prefix_monit_accr_indicator (id, criteriaid, num, name, description) VALUES (211,21,'03','Всего аттестованных;педагогических работников','Личные дела (карточка Ф2), трудовые книжки, перспективный график аттестации');
INSERT INTO prefix_monit_accr_indicator (id, criteriaid, num, name, description) VALUES (212,21,'04','Имеющих высшую категорию','Личные дела (карточка Ф2), трудовые книжки, перспективный график аттестации');
INSERT INTO prefix_monit_accr_indicator (id, criteriaid, num, name, description) VALUES (213,21,'05','Укомплектованность кадрами','Согласованное с учредителем штатное расписание, тарификационный список');
INSERT INTO prefix_monit_accr_indicator (id, criteriaid, num, name, description) VALUES (214,21,'06','Прохождение курсов повышения квалификации','Личные дела (карточка Ф2), перспективный график КПК');
INSERT INTO prefix_monit_accr_indicator (id, criteriaid, num, name, description) VALUES (215,22,'01','Наличие специализированных помещений','Информационная карта');
INSERT INTO prefix_monit_accr_indicator (id, criteriaid, num, name, description) VALUES (216,22,'02','Наличие оборудования, инвентаря в соответствии с реализуемыми образовательными программами','Копия инвентаризационной ведомости, заверенная руководителем и главным бухгалтером, Информационная карта');
INSERT INTO prefix_monit_accr_indicator (id, criteriaid, num, name, description) VALUES (217,23,'01','Наличие действующей методической библиотеки, медиотеки, проекта информационных видео и аудиоматериалов','Информационная карта');
INSERT INTO prefix_monit_accr_indicator (id, criteriaid, num, name, description) VALUES (218,23,'02','Использование INTERNET: - локальная сеть внутри учреждения; - локальная сеть внутри кабинетов; - электронная почта; - созд. веб-сайты; -другие нтерактивные формы (указать какие)','Информационная карта');
INSERT INTO prefix_monit_accr_indicator (id, criteriaid, num, name, description) VALUES (219,24,'01','Обеспеченность учебными программами в соответствии с лицензией','Приложение к учебному плану');
INSERT INTO prefix_monit_accr_indicator (id, criteriaid, num, name, description) VALUES (220,24,'02','Наличие программы развития ОУ Наличие','Программа развития ОУ');
INSERT INTO prefix_monit_accr_indicator (id, criteriaid, num, name, description) VALUES (221,24,'03','Наличие учебного плана','Учебный план');
INSERT INTO prefix_monit_accr_indicator (id, criteriaid, num, name, description) VALUES (222,24,'04','Наличие утверждённого режима работы учреждения','Режим работы ОУ');
INSERT INTO prefix_monit_accr_indicator (id, criteriaid, num, name, description) VALUES (223,25,'01','Сохранность контингента','Комплектование учебных групп (за три года)');
INSERT INTO prefix_monit_accr_indicator (id, criteriaid, num, name, description) VALUES (224,25,'02','Результативность выступления обучающихся в мероприятиях различных уровней','Копии Почетных грамот, дипломов, сертификатов');

INSERT INTO prefix_monit_accr_indicator (id, criteriaid, num, name, description) VALUES (300,30,'01','Наличие Устава образовательного учреждения, зарегистрированного в соответствии с требованиями','Устав образовательного учреждения, зарегистрированный в установленном порядке');
INSERT INTO prefix_monit_accr_indicator (id, criteriaid, num, name, description) VALUES (301,30,'02','Наличие локальных актов согласно уставу','Устав образовательного учреждения, локальные акты');
INSERT INTO prefix_monit_accr_indicator (id, criteriaid, num, name, description) VALUES (302,30,'03','Наличие действующей лицензии по всем реализуемым образовательным программам','Лицензия на право ведения образовательной деятельности ');
INSERT INTO prefix_monit_accr_indicator (id, criteriaid, num, name, description) VALUES (303,30,'04','Наличие свидетельства о государственной аккредитации по всем реализуемым образовательным программам','Свидетельство о государственной аккредитации');
INSERT INTO prefix_monit_accr_indicator (id, criteriaid, num, name, description) VALUES (304,30,'05','Наличие договора с Учредителем','Договор с Учредителем');
INSERT INTO prefix_monit_accr_indicator (id, criteriaid, num, name, description) VALUES (305,30,'06','Наличие номенклатуры дел','Приказ №.. от .. «Об утверждении номенклатуры дел»');
INSERT INTO prefix_monit_accr_indicator (id, criteriaid, num, name, description) VALUES (306,30,'07','Наличие акта готовности образовательного учреждения к текущему учебному году','Акт готовности образовательного учреждения к текущему учебному году');
INSERT INTO prefix_monit_accr_indicator (id, criteriaid, num, name, description) VALUES (307,31,'01','Наличие реализуемых  программ по развитию детей по одному или нескольким из таких направлений, как познавательно-речевое, социально-личностное, художественно-эстетическое или физическое, а также по квалифицированной коррекции недостатков в физическом и (или) психическом развитии','Лицензия на право ведения образовательной деятельности');
INSERT INTO prefix_monit_accr_indicator (id, criteriaid, num, name, description) VALUES (308,31,'02','Наличие реализуемых  программ по квалифицированной коррекции недостатков в физическом и (или) психическом развитии','Лицензия на право ведения образовательной деятельности');
INSERT INTO prefix_monit_accr_indicator (id, criteriaid, num, name, description) VALUES (309,31,'03','Реализация программ раннего обучения иностранному языку','Образовательная программа');
INSERT INTO prefix_monit_accr_indicator (id, criteriaid, num, name, description) VALUES (310,31,'04','Реализация программ по духовно-нравственному воспитанию дошкольников','Образовательная программа');
INSERT INTO prefix_monit_accr_indicator (id, criteriaid, num, name, description) VALUES (311,31,'05','Методическое обеспечение образовательного процесса (обеспеченность методической и детской литературой в соответствии с реализуемой программой)','Информационная карта');
INSERT INTO prefix_monit_accr_indicator (id, criteriaid, num, name, description) VALUES (312,31,'06','Наличие Программы развития ДОУ','Программа развития');
INSERT INTO prefix_monit_accr_indicator (id, criteriaid, num, name, description) VALUES (313,32,'01','Наличие в структуре ДОУ групп компенсирующей, комбинированной, оздоровительной направленности, логопункта','Информационная карта');
INSERT INTO prefix_monit_accr_indicator (id, criteriaid, num, name, description) VALUES (314,32,'02','Наличие в структуре ДОУ групп кратковременного пребывания','Информационная карта');
INSERT INTO prefix_monit_accr_indicator (id, criteriaid, num, name, description) VALUES (315,32,'03','ДОУ функционирует в режиме полного рабочего дня','Информационная карта');
INSERT INTO prefix_monit_accr_indicator (id, criteriaid, num, name, description) VALUES (316,32,'04','Наличие в структуре управления ДОУ органов самоуправления','Локальные акты ДОУ');
INSERT INTO prefix_monit_accr_indicator (id, criteriaid, num, name, description) VALUES (317,33,'01','Реализация инвариантной части образовательной программы','Образовательная программа, учебный план');
INSERT INTO prefix_monit_accr_indicator (id, criteriaid, num, name, description) VALUES (318,33,'02','Охват воспитанников 5-7 лет программами дополнительного образования (вариативная часть образовательного процесса)','Образовательная программа');
INSERT INTO prefix_monit_accr_indicator (id, criteriaid, num, name, description) VALUES (319,33,'03','Индекс здоровья воспитанников','Информационная карта, ежегодная статистическая отчетность');
INSERT INTO prefix_monit_accr_indicator (id, criteriaid, num, name, description) VALUES (320,33,'04','Выполнение натуральных норм питания (основная группа продуктов)','Ведомости учета, предоставляемые учредителю за текущий год');
INSERT INTO prefix_monit_accr_indicator (id, criteriaid, num, name, description) VALUES (321,33,'05','Удовлетворенность родителей  качеством предоставляемого образования ','По данным составленного на муниципальном уровне формата опроса родителей');
INSERT INTO prefix_monit_accr_indicator (id, criteriaid, num, name, description) VALUES (322,33,'06','Отсутствие зафиксированных случаев нарушения законодательства','Акты органов, осуществляющих контроль в сфере образования');
INSERT INTO prefix_monit_accr_indicator (id, criteriaid, num, name, description) VALUES (323,34,'01','Образовательный уровень педагогов','Информационная карта, ежегодная статистическая отчетность');
INSERT INTO prefix_monit_accr_indicator (id, criteriaid, num, name, description) VALUES (324,34,'02','Квалификационный уровень педагогов','Информационная карта, ежегодная статистическая отчетность');
INSERT INTO prefix_monit_accr_indicator (id, criteriaid, num, name, description) VALUES (325,34,'03','Наличие высшей квалификационной категории','Информационная карта, ежегодная статистическая отчетность');
INSERT INTO prefix_monit_accr_indicator (id, criteriaid, num, name, description) VALUES (326,34,'04','Укомплектованность штатов','Информационная карта');
INSERT INTO prefix_monit_accr_indicator (id, criteriaid, num, name, description) VALUES (327,34,'05','Курсовая подготовка за отчетный период, своевременное прохождение курсов повышения квалификации','Информационная карта');
INSERT INTO prefix_monit_accr_indicator (id, criteriaid, num, name, description) VALUES (328,35,'01','Наличие компьютеров для организации образовательного процесса','Информационная карта');
INSERT INTO prefix_monit_accr_indicator (id, criteriaid, num, name, description) VALUES (329,35,'02','Наличие условий для обучения иностранному языку (отдельный кабинет, лингафонный кабинет)','Информационная карта');
INSERT INTO prefix_monit_accr_indicator (id, criteriaid, num, name, description) VALUES (330,35,'03','Наличие в учреждении комплекта лицензионного или свободно распространяемого общесистемного и прикладного программного обеспечения (операционная система, офисные программы (редакторы текстов, таблиц), СУБД, навигаторы) ','Информационная карта');
INSERT INTO prefix_monit_accr_indicator (id, criteriaid, num, name, description) VALUES (331,35,'04','Наличие в учреждении мультимедийных проекторов','Информационная карта');
INSERT INTO prefix_monit_accr_indicator (id, criteriaid, num, name, description) VALUES (332,35,'05','Наличие в учреждении интерактивных досок','Информационная карта');
INSERT INTO prefix_monit_accr_indicator (id, criteriaid, num, name, description) VALUES (333,35,'06','Наличие оборудования, ТСО, орг. техники для продуктивной и творческой деятельности детей','Информационная карта');
INSERT INTO prefix_monit_accr_indicator (id, criteriaid, num, name, description) VALUES (334,36,'01','Оснащенность медицинского кабинета в соответствии с требованиями СанПин','Информационная карта, инвентаризационная опись');
INSERT INTO prefix_monit_accr_indicator (id, criteriaid, num, name, description) VALUES (335,36,'02','Наличие оборудования для физкультурно-оздоровительной работы в соответствии с требованиями СанПин','Информационная карта, инвентаризационная опись');
INSERT INTO prefix_monit_accr_indicator (id, criteriaid, num, name, description) VALUES (336,36,'03','Наличие отдельных помещений для развития детей по одному или нескольким из таких направлений, как познавательно-речевое, социально-личностное, художественно-эстетическое или физическое','Информационная карта');
INSERT INTO prefix_monit_accr_indicator (id, criteriaid, num, name, description) VALUES (337,36,'04','Наличие отдельных кабинетов для осуществления квалифицированной коррекции недостатков в физическом и (или) психическом развитии','Информационная карта');
INSERT INTO prefix_monit_accr_indicator (id, criteriaid, num, name, description) VALUES (338,36,'05','Наличие оборудования для осуществления квалифицированной коррекции недостатков в физическом и (или) психическом развитии','Информационная карта, инвентаризационная опись');

INSERT INTO prefix_monit_accr_estimates (id, indicatorid, name, mark) VALUES (1000,100,'Наличие утверждённого устава (в соответствии со ст. 13 Закона РФ «Об образовании»)',1);
INSERT INTO prefix_monit_accr_estimates (id, indicatorid, name, mark) VALUES (1001,100,'Отсутствие утверждённого устава ',0);
INSERT INTO prefix_monit_accr_estimates (id, indicatorid, name, mark) VALUES (1002,101,'Наличие всех локальных актов зарегистрированных в уставе (ст. 13 Закона РФ «Об образовании»)',1);
INSERT INTO prefix_monit_accr_estimates (id, indicatorid, name, mark) VALUES (1003,101,'Отсутствие полного перечня локальных актов в соответствии с уставом общеобразовательного учреждения ',0);
INSERT INTO prefix_monit_accr_estimates (id, indicatorid, name, mark) VALUES (1004,102,'Наличие договора с учредителем (ст. 11 Закона РФ «Об образовании»)',1);
INSERT INTO prefix_monit_accr_estimates (id, indicatorid, name, mark) VALUES (1005,102,'Отсутствие договора с учредителем ',0);
INSERT INTO prefix_monit_accr_estimates (id, indicatorid, name, mark) VALUES (1006,103,'Наличие лицензии с приложением',1);
INSERT INTO prefix_monit_accr_estimates (id, indicatorid, name, mark) VALUES (1007,103,'Отсутствие лицензии с приложением',0);
INSERT INTO prefix_monit_accr_estimates (id, indicatorid, name, mark) VALUES (1008,104,'Наличие свидетельства о государственной аккредитации ',1);
INSERT INTO prefix_monit_accr_estimates (id, indicatorid, name, mark) VALUES (1009,104,'Отсутствие свидетельства о государственной аккредитации ',0);
INSERT INTO prefix_monit_accr_estimates (id, indicatorid, name, mark) VALUES (1010,105,'Наличие Номенклатуры дел ',1);
INSERT INTO prefix_monit_accr_estimates (id, indicatorid, name, mark) VALUES (1011,105,'Отсутствие Номенклатуры дел ',0);
INSERT INTO prefix_monit_accr_estimates (id, indicatorid, name, mark) VALUES (1012,106,'Наличие акта готовности ОУ к новому учебному году',1);
INSERT INTO prefix_monit_accr_estimates (id, indicatorid, name, mark) VALUES (1013,106,'Отсутствие акта готовности ОУ к новому учебному году',0);
INSERT INTO prefix_monit_accr_estimates (id, indicatorid, name, mark) VALUES (1014,107,'Указанные в уставе ступени обучения и их срок освоения соответствуют п. 32 Типового положения об общеобразовательном учреждении',1);
INSERT INTO prefix_monit_accr_estimates (id, indicatorid, name, mark) VALUES (1015,107,'Указанные в уставе ступени обучения и их срок освоения <b>НЕ</b> соответствуют п. 32 Типового положения об общеобразовательном учреждении',0);
INSERT INTO prefix_monit_accr_estimates (id, indicatorid, name, mark) VALUES (1016,108,'Наличие 3-ей ступени обучения',2);
INSERT INTO prefix_monit_accr_estimates (id, indicatorid, name, mark) VALUES (1017,108,'Отсутствие 3-ей ступени обучения',0);
INSERT INTO prefix_monit_accr_estimates (id, indicatorid, name, mark) VALUES (1018,109,'Количество классов, их наполняемость, деление на группы <b>соответствует</b> пунктам 27 и 31 Типового положения об общеобразовательном учреждении',1);
INSERT INTO prefix_monit_accr_estimates (id, indicatorid, name, mark) VALUES (1019,109,'Количество классов, их наполняемость, деление на группы <b>НЕ</b> <b>соответствует</b> пунктам 27 и 31 Типового положения об общеобразовательном учреждении',0);
INSERT INTO prefix_monit_accr_estimates (id, indicatorid, name, mark) VALUES (1020,110,'Наличие групп. Наполняемость групп <b>соответствует</b> пункту 26 Типового положения об общеобразовательном учреждении',1);
INSERT INTO prefix_monit_accr_estimates (id, indicatorid, name, mark) VALUES (1021,110,'Наличие групп. Наполняемость групп <b>НЕ</b> <b>соответствует</b> пункту 26 Типового положения об общеобразовательном учреждении',0);
INSERT INTO prefix_monit_accr_estimates (id, indicatorid, name, mark) VALUES (1022,111,'Наличие групп. Наполняемость групп <b>соответствует</b> пункту 26 Типового положения об общеобразовательном учреждении',1);
INSERT INTO prefix_monit_accr_estimates (id, indicatorid, name, mark) VALUES (1023,111,'Наличие групп. Наполняемость групп <b>НЕ</b> <b>соответствует</b> пункту 26 Типового положения об общеобразовательном учреждении',0);
INSERT INTO prefix_monit_accr_estimates (id, indicatorid, name, mark) VALUES (1024,112,'Наличие приказа учредителя, в соответствии с пунктами 29,30 Типового положения об общеобразовательном учреждении',1);
INSERT INTO prefix_monit_accr_estimates (id, indicatorid, name, mark) VALUES (1025,112,'Отсутствие приказа учредителя',0);
INSERT INTO prefix_monit_accr_estimates (id, indicatorid, name, mark) VALUES (1026,113,'Формы органов самоуправления, указанные в уставе, соответствуют пункту 69 Типового положения об общеобразовательном учреждении',1);
INSERT INTO prefix_monit_accr_estimates (id, indicatorid, name, mark) VALUES (1027,113,'Формы органов самоуправления, указанные в уставе, <b>НЕ</b> соответствуют пункту 69 Типового положения об общеобразовательном учреждении',0);
INSERT INTO prefix_monit_accr_estimates (id, indicatorid, name, mark) VALUES (1028,114,'Наличие публичного доклада',1);
INSERT INTO prefix_monit_accr_estimates (id, indicatorid, name, mark) VALUES (1029,114,'Отсутствие публичного доклада',0);
INSERT INTO prefix_monit_accr_estimates (id, indicatorid, name, mark) VALUES (1030,115,'Наличие образовательной программы, структура которой <b>соответствует</b> п. 6 ст. 9 Закона РФ «Об образовании»',1);
INSERT INTO prefix_monit_accr_estimates (id, indicatorid, name, mark) VALUES (1031,115,'Отсутствие образовательной программы',0);
INSERT INTO prefix_monit_accr_estimates (id, indicatorid, name, mark) VALUES (1032,116,'Наличие программы развития образовательного учреждения',1);
INSERT INTO prefix_monit_accr_estimates (id, indicatorid, name, mark) VALUES (1033,116,'Отсутствие программы развития образовательного учреждения',0);
INSERT INTO prefix_monit_accr_estimates (id, indicatorid, name, mark) VALUES (1034,117,'Да',1);
INSERT INTO prefix_monit_accr_estimates (id, indicatorid, name, mark) VALUES (1035,117,'Нет',0);
INSERT INTO prefix_monit_accr_estimates (id, indicatorid, name, mark) VALUES (1036,118,'Да',3);
INSERT INTO prefix_monit_accr_estimates (id, indicatorid, name, mark) VALUES (1037,118,'Нет',0);
INSERT INTO prefix_monit_accr_estimates (id, indicatorid, name, mark) VALUES (1038,119,'Да',3);
INSERT INTO prefix_monit_accr_estimates (id, indicatorid, name, mark) VALUES (1039,119,'Нет',0);
INSERT INTO prefix_monit_accr_estimates (id, indicatorid, name, mark) VALUES (1040,120,'Да',4);
INSERT INTO prefix_monit_accr_estimates (id, indicatorid, name, mark) VALUES (1041,120,'Нет',0);
INSERT INTO prefix_monit_accr_estimates (id, indicatorid, name, mark) VALUES (1042,121,'Да',1);
INSERT INTO prefix_monit_accr_estimates (id, indicatorid, name, mark) VALUES (1043,121,'Нет',0);
INSERT INTO prefix_monit_accr_estimates (id, indicatorid, name, mark) VALUES (1044,122,' Да',1);
INSERT INTO prefix_monit_accr_estimates (id, indicatorid, name, mark) VALUES (1045,122,'Нет',0);
INSERT INTO prefix_monit_accr_estimates (id, indicatorid, name, mark) VALUES (1046,123,'Да',2);
INSERT INTO prefix_monit_accr_estimates (id, indicatorid, name, mark) VALUES (1047,123,'Нет',0);
INSERT INTO prefix_monit_accr_estimates (id, indicatorid, name, mark) VALUES (1048,124,'За каждое направление - 0,5 балла',5);
INSERT INTO prefix_monit_accr_estimates (id, indicatorid, name, mark) VALUES (1049,125,'Да',2);
INSERT INTO prefix_monit_accr_estimates (id, indicatorid, name, mark) VALUES (1050,125,'Нет',0);
INSERT INTO prefix_monit_accr_estimates (id, indicatorid, name, mark) VALUES (1051,126,'Да',2);
INSERT INTO prefix_monit_accr_estimates (id, indicatorid, name, mark) VALUES (1052,126,'Нет',0);
INSERT INTO prefix_monit_accr_estimates (id, indicatorid, name, mark) VALUES (1053,127,'В муниципальной образовательной сети – базовая (опорная ) школа, ассоциация или ресурсный центр организуют предпрофильную подготовку и профильное обучения для старшеклассников образовательного или школьного округа',4);
INSERT INTO prefix_monit_accr_estimates (id, indicatorid, name, mark) VALUES (1054,127,'Предпрофильная подготовка и профильное обучение организовано по типу внутришкольной профилизации',2);
INSERT INTO prefix_monit_accr_estimates (id, indicatorid, name, mark) VALUES (1055,128,'Да',4);
INSERT INTO prefix_monit_accr_estimates (id, indicatorid, name, mark) VALUES (1056,128,'Нет',0);
INSERT INTO prefix_monit_accr_estimates (id, indicatorid, name, mark) VALUES (1057,129,'Наличие новых образовательных технологий в преподавании данных дисциплин',4);
INSERT INTO prefix_monit_accr_estimates (id, indicatorid, name, mark) VALUES (1058,129,'Наличие новых образовательных технологий в обучении одного из предметов',1);
INSERT INTO prefix_monit_accr_estimates (id, indicatorid, name, mark) VALUES (1059,129,'Отсутствие новых образовательных технологий',0);
INSERT INTO prefix_monit_accr_estimates (id, indicatorid, name, mark) VALUES (1060,130,'Формы, указанные в уставе, соответствуют ст. 10 Закона РФ «Об образовании», и пункта 11 Типового положения об общеобразовательном учреждении',1);
INSERT INTO prefix_monit_accr_estimates (id, indicatorid, name, mark) VALUES (1061,130,'Формы, указанные в уставе, <b>НЕ</b> соответствуют ст. 10 Закона РФ «Об образовании» и пункта 11 Типового положения об общеобразовательном учреждении',0);
INSERT INTO prefix_monit_accr_estimates (id, indicatorid, name, mark) VALUES (1062,131,'Наличие рабочих программ по всем предметам учебного плана',1);
INSERT INTO prefix_monit_accr_estimates (id, indicatorid, name, mark) VALUES (1063,131,'Отсутствие рабочих программ по всем предметам учебного плана',0);
INSERT INTO prefix_monit_accr_estimates (id, indicatorid, name, mark) VALUES (1064,132,'Наличие годового календарного учебного графика, согласованного с органами местного самоуправления (для государственных учреждений – с департаментом образования, культуры и молодёжной политики области)',1);
INSERT INTO prefix_monit_accr_estimates (id, indicatorid, name, mark) VALUES (1065,132,'Отсутствие годового календарного учебного графика',0);
INSERT INTO prefix_monit_accr_estimates (id, indicatorid, name, mark) VALUES (1066,133,'Наличие расписания занятий, утвержденного руководителем образовательного учреждения, и согласованного с Роспотребнадзором',1);
INSERT INTO prefix_monit_accr_estimates (id, indicatorid, name, mark) VALUES (1067,133,'Отсутствие расписания занятий',0);
INSERT INTO prefix_monit_accr_estimates (id, indicatorid, name, mark) VALUES (1068,134,'Продолжительность учебной недели <b>соответствует</b> СанПиН и пункту 42 Типового положения об общеобразовательном учреждении',1);
INSERT INTO prefix_monit_accr_estimates (id, indicatorid, name, mark) VALUES (1069,134,'Продолжительность учебной недели <b>НЕ</b> <b>соответствует</b> СанПиН и пункту 42 Типового положения об общеобразовательном учреждении',0);
INSERT INTO prefix_monit_accr_estimates (id, indicatorid, name, mark) VALUES (1070,135,'Продолжительность учебного года <b>соответствует</b>',1);
INSERT INTO prefix_monit_accr_estimates (id, indicatorid, name, mark) VALUES (1071,135,'<b>Не соответствует</b>',0);
INSERT INTO prefix_monit_accr_estimates (id, indicatorid, name, mark) VALUES (1072,136,'Продолжительность каникул <b>соответствует</b> п. 42 Типового положения об общеобразовательном учреждении',1);
INSERT INTO prefix_monit_accr_estimates (id, indicatorid, name, mark) VALUES (1073,136,'<b>Не соответствует</b>',0);
INSERT INTO prefix_monit_accr_estimates (id, indicatorid, name, mark) VALUES (1074,137,'Продолжительность урока <b>соответствует</b> п.п. 2.9.3, 2.9.4 СанПиН 2.4.2.1178-02',1);
INSERT INTO prefix_monit_accr_estimates (id, indicatorid, name, mark) VALUES (1075,137,'<b>Не соответствует</b>',0);
INSERT INTO prefix_monit_accr_estimates (id, indicatorid, name, mark) VALUES (1076,138,'Образовательное учреждение укомплектовано согласно штатному расписанию квалифицированными кадрами в полном объёме',1);
INSERT INTO prefix_monit_accr_estimates (id, indicatorid, name, mark) VALUES (1077,138,'Образовательное учреждение укомплектовано согласно штатному расписанию квалифицированными кадрами не в полном объёме',0);
INSERT INTO prefix_monit_accr_estimates (id, indicatorid, name, mark) VALUES (1078,139,'Выше ежегодного областного показателя (высшее профессиональное образование имеют выше 91,7% педагогов (город), 84,4% (сельские территории) )',4);
INSERT INTO prefix_monit_accr_estimates (id, indicatorid, name, mark) VALUES (1079,139,'Равен областному показателю (высшее профессиональное образование имеют 91,7% педагогов (город), 84,4% (сельские территории)',3);
INSERT INTO prefix_monit_accr_estimates (id, indicatorid, name, mark) VALUES (1080,139,'Ниже ежегодного областного показателя',0);
INSERT INTO prefix_monit_accr_estimates (id, indicatorid, name, mark) VALUES (1081,140,'Выше ежегодного областного показателя (базовое образование по преподаваемому предмету имеют 90,3% педагогов (город), 87,2% (сельские территории)',4);
INSERT INTO prefix_monit_accr_estimates (id, indicatorid, name, mark) VALUES (1082,140,'Равен областному показателю',3);
INSERT INTO prefix_monit_accr_estimates (id, indicatorid, name, mark) VALUES (1083,140,'Ниже ежегодного областного показателя',0);
INSERT INTO prefix_monit_accr_estimates (id, indicatorid, name, mark) VALUES (1084,141,'Выше ежегодного областного показателя (высшую квалификационную категорию имеют выше 38,3% педагогов (город), 16,9% (сельские территории))',4);
INSERT INTO prefix_monit_accr_estimates (id, indicatorid, name, mark) VALUES (1085,141,'Равен областному показателю (высшую квалификационную категорию имеют 38,3% педагогов (город), 16,9% (сельские территории))',3);
INSERT INTO prefix_monit_accr_estimates (id, indicatorid, name, mark) VALUES (1086,141,'Ниже ежегодного областного показателя',0);
INSERT INTO prefix_monit_accr_estimates (id, indicatorid, name, mark) VALUES (1087,142,'Выше ежегодного областного показателя (своевременно 1 раз в 5 лет прошли курсовую переподготовку от 99 до 90,3% педагогов (город), от 99 до 86% (сельские территории))',4);
INSERT INTO prefix_monit_accr_estimates (id, indicatorid, name, mark) VALUES (1088,142,'Равен областному показателю',3);
INSERT INTO prefix_monit_accr_estimates (id, indicatorid, name, mark) VALUES (1089,142,'Ниже ежегодного областного показателя',0);
INSERT INTO prefix_monit_accr_estimates (id, indicatorid, name, mark) VALUES (1090,143,'За каждого работника – 2 балла',10);
INSERT INTO prefix_monit_accr_estimates (id, indicatorid, name, mark) VALUES (1091,144,'За каждого работника – 2 балла',10);
INSERT INTO prefix_monit_accr_estimates (id, indicatorid, name, mark) VALUES (1092,145,'70% и выше',4);
INSERT INTO prefix_monit_accr_estimates (id, indicatorid, name, mark) VALUES (1093,145,'от 60% до 69%',3);
INSERT INTO prefix_monit_accr_estimates (id, indicatorid, name, mark) VALUES (1094,145,'от 55% до 59%',2);
INSERT INTO prefix_monit_accr_estimates (id, indicatorid, name, mark) VALUES (1095,145,'от 50% до 55%',1);
INSERT INTO prefix_monit_accr_estimates (id, indicatorid, name, mark) VALUES (1096,145,'ниже 50%',0);
INSERT INTO prefix_monit_accr_estimates (id, indicatorid, name, mark) VALUES (1097,146,'50% и выше ',4);
INSERT INTO prefix_monit_accr_estimates (id, indicatorid, name, mark) VALUES (1098,146,'от 45% до 50%',3);
INSERT INTO prefix_monit_accr_estimates (id, indicatorid, name, mark) VALUES (1099,146,'от 40% до 45%',2);
INSERT INTO prefix_monit_accr_estimates (id, indicatorid, name, mark) VALUES (1100,146,'от 30% до 45%',1);
INSERT INTO prefix_monit_accr_estimates (id, indicatorid, name, mark) VALUES (1101,146,'ниже 30%',0);
INSERT INTO prefix_monit_accr_estimates (id, indicatorid, name, mark) VALUES (1102,147,'55% и выше',4);
INSERT INTO prefix_monit_accr_estimates (id, indicatorid, name, mark) VALUES (1103,147,'от 50% до 55%',3);
INSERT INTO prefix_monit_accr_estimates (id, indicatorid, name, mark) VALUES (1104,147,'от 45% до 50%',2);
INSERT INTO prefix_monit_accr_estimates (id, indicatorid, name, mark) VALUES (1105,147,'от 45% до 40%',1);
INSERT INTO prefix_monit_accr_estimates (id, indicatorid, name, mark) VALUES (1106,147,'ниже 40%',0);
INSERT INTO prefix_monit_accr_estimates (id, indicatorid, name, mark) VALUES (1107,148,'Выше ежегодного областного показателя (33,42) ',4);
INSERT INTO prefix_monit_accr_estimates (id, indicatorid, name, mark) VALUES (1108,148,'Равен областному',3);
INSERT INTO prefix_monit_accr_estimates (id, indicatorid, name, mark) VALUES (1109,148,'Ниже',0);
INSERT INTO prefix_monit_accr_estimates (id, indicatorid, name, mark) VALUES (1110,149,'Выше ежегодного областного показателя (17,15) ',4);
INSERT INTO prefix_monit_accr_estimates (id, indicatorid, name, mark) VALUES (1111,149,'Равен областному ',3);
INSERT INTO prefix_monit_accr_estimates (id, indicatorid, name, mark) VALUES (1112,149,'Ниже',0);
INSERT INTO prefix_monit_accr_estimates (id, indicatorid, name, mark) VALUES (1113,150,'Выше ежегодного областного показателя (45,63) ',4);
INSERT INTO prefix_monit_accr_estimates (id, indicatorid, name, mark) VALUES (1114,150,'Равен областному',3);
INSERT INTO prefix_monit_accr_estimates (id, indicatorid, name, mark) VALUES (1115,150,'Ниже',0);
INSERT INTO prefix_monit_accr_estimates (id, indicatorid, name, mark) VALUES (1116,151,'Выше ежегодного областного показателя (57,36) ',4);
INSERT INTO prefix_monit_accr_estimates (id, indicatorid, name, mark) VALUES (1117,151,'Равен областному',3);
INSERT INTO prefix_monit_accr_estimates (id, indicatorid, name, mark) VALUES (1118,151,'Ниже',0);
INSERT INTO prefix_monit_accr_estimates (id, indicatorid, name, mark) VALUES (1119,152,'Выше ежегодного областного показателя ',4);
INSERT INTO prefix_monit_accr_estimates (id, indicatorid, name, mark) VALUES (1120,152,'Равен ',3);
INSERT INTO prefix_monit_accr_estimates (id, indicatorid, name, mark) VALUES (1121,152,'Ниже ',0);
INSERT INTO prefix_monit_accr_estimates (id, indicatorid, name, mark) VALUES (1122,153,'Выше ежегодного областного показателя ',4);
INSERT INTO prefix_monit_accr_estimates (id, indicatorid, name, mark) VALUES (1123,153,'Равен областному',3);
INSERT INTO prefix_monit_accr_estimates (id, indicatorid, name, mark) VALUES (1124,153,'Ниже',0);
INSERT INTO prefix_monit_accr_estimates (id, indicatorid, name, mark) VALUES (1125,154,'Выше ежегодного областного показателя ',4);
INSERT INTO prefix_monit_accr_estimates (id, indicatorid, name, mark) VALUES (1126,154,'Равен областному',3);
INSERT INTO prefix_monit_accr_estimates (id, indicatorid, name, mark) VALUES (1127,154,'Ниже',0);
INSERT INTO prefix_monit_accr_estimates (id, indicatorid, name, mark) VALUES (1128,155,'Выше ежегодного областного показателя ',4);
INSERT INTO prefix_monit_accr_estimates (id, indicatorid, name, mark) VALUES (1129,155,'Равен областному',3);
INSERT INTO prefix_monit_accr_estimates (id, indicatorid, name, mark) VALUES (1130,155,'Ниже',0);
INSERT INTO prefix_monit_accr_estimates (id, indicatorid, name, mark) VALUES (1131,156,'Выше ежегодного областного показателя ',4);
INSERT INTO prefix_monit_accr_estimates (id, indicatorid, name, mark) VALUES (1132,156,'Равен областному',3);
INSERT INTO prefix_monit_accr_estimates (id, indicatorid, name, mark) VALUES (1133,156,'Ниже',0);
INSERT INTO prefix_monit_accr_estimates (id, indicatorid, name, mark) VALUES (1134,157,'Выше ежегодного областного показателя ',4);
INSERT INTO prefix_monit_accr_estimates (id, indicatorid, name, mark) VALUES (1135,157,'Равен областному',3);
INSERT INTO prefix_monit_accr_estimates (id, indicatorid, name, mark) VALUES (1136,157,'Ниже',0);
INSERT INTO prefix_monit_accr_estimates (id, indicatorid, name, mark) VALUES (1137,158,'Выше ежегодного областного показателя ',4);
INSERT INTO prefix_monit_accr_estimates (id, indicatorid, name, mark) VALUES (1138,158,'Равен областному',3);
INSERT INTO prefix_monit_accr_estimates (id, indicatorid, name, mark) VALUES (1139,158,'Ниже',0);
INSERT INTO prefix_monit_accr_estimates (id, indicatorid, name, mark) VALUES (1140,159,'Выше ежегодного областного показателя ',4);
INSERT INTO prefix_monit_accr_estimates (id, indicatorid, name, mark) VALUES (1141,159,'Равен областному',3);
INSERT INTO prefix_monit_accr_estimates (id, indicatorid, name, mark) VALUES (1142,159,'Ниже',0);
INSERT INTO prefix_monit_accr_estimates (id, indicatorid, name, mark) VALUES (1143,160,'Выше ежегодного областного показателя ',4);
INSERT INTO prefix_monit_accr_estimates (id, indicatorid, name, mark) VALUES (1144,160,'Равен областному',3);
INSERT INTO prefix_monit_accr_estimates (id, indicatorid, name, mark) VALUES (1145,160,'Ниже',0);
INSERT INTO prefix_monit_accr_estimates (id, indicatorid, name, mark) VALUES (1146,161,'Выше ежегодного областного показателя ',4);
INSERT INTO prefix_monit_accr_estimates (id, indicatorid, name, mark) VALUES (1147,161,'Равен областному',3);
INSERT INTO prefix_monit_accr_estimates (id, indicatorid, name, mark) VALUES (1148,161,'Ниже',0);
INSERT INTO prefix_monit_accr_estimates (id, indicatorid, name, mark) VALUES (1149,162,'% выпускников (9 кл), продолжающих образование в 10 классе выше областного показателя (59%)',4);
INSERT INTO prefix_monit_accr_estimates (id, indicatorid, name, mark) VALUES (1150,162,'Равен областному (59%)',3);
INSERT INTO prefix_monit_accr_estimates (id, indicatorid, name, mark) VALUES (1151,162,'Ниже 59% ',0);
INSERT INTO prefix_monit_accr_estimates (id, indicatorid, name, mark) VALUES (1152,163,'% выпускников (9 кл), продолжающих образование в СПО выше областного показателя (22,54%) ',4);
INSERT INTO prefix_monit_accr_estimates (id, indicatorid, name, mark) VALUES (1153,163,'Равен областному (22,54%)',3);
INSERT INTO prefix_monit_accr_estimates (id, indicatorid, name, mark) VALUES (1154,163,'Ниже 22,54%',0);
INSERT INTO prefix_monit_accr_estimates (id, indicatorid, name, mark) VALUES (1155,164,'% выпускников (9 кл), продолжающих образование в ВУЗах выше областного показателя (65,36%) ',4);
INSERT INTO prefix_monit_accr_estimates (id, indicatorid, name, mark) VALUES (1156,164,'Равен областному (65,36%)',3);
INSERT INTO prefix_monit_accr_estimates (id, indicatorid, name, mark) VALUES (1157,164,'Ниже 65,36%',0);
INSERT INTO prefix_monit_accr_estimates (id, indicatorid, name, mark) VALUES (1158,165,'% выпускников, продолжающих образование в СПО выше областного показателя (20,82%) ',4);
INSERT INTO prefix_monit_accr_estimates (id, indicatorid, name, mark) VALUES (1159,165,'Равен областному (20,82%) ',3);
INSERT INTO prefix_monit_accr_estimates (id, indicatorid, name, mark) VALUES (1160,165,'Ниже (20,82%)',0);
INSERT INTO prefix_monit_accr_estimates (id, indicatorid, name, mark) VALUES (1161,166,'Наличие ',4);
INSERT INTO prefix_monit_accr_estimates (id, indicatorid, name, mark) VALUES (1162,166,'Отсутствие ',0);
INSERT INTO prefix_monit_accr_estimates (id, indicatorid, name, mark) VALUES (1163,167,'Наличие',3);
INSERT INTO prefix_monit_accr_estimates (id, indicatorid, name, mark) VALUES (1164,167,'Отсутствие ',0);
INSERT INTO prefix_monit_accr_estimates (id, indicatorid, name, mark) VALUES (1165,168,'Наличие',3);
INSERT INTO prefix_monit_accr_estimates (id, indicatorid, name, mark) VALUES (1166,168,'Отсутствие ',0);
INSERT INTO prefix_monit_accr_estimates (id, indicatorid, name, mark) VALUES (1167,169,'100% родителей удовлетворены качеством образования',4);
INSERT INTO prefix_monit_accr_estimates (id, indicatorid, name, mark) VALUES (1168,169,'от 90 до 100% ',3);
INSERT INTO prefix_monit_accr_estimates (id, indicatorid, name, mark) VALUES (1169,169,'от 80 до 90%',2);
INSERT INTO prefix_monit_accr_estimates (id, indicatorid, name, mark) VALUES (1170,169,'70 до 80% родителей',1);
INSERT INTO prefix_monit_accr_estimates (id, indicatorid, name, mark) VALUES (1171,169,'ниже 70% родителей',0);
INSERT INTO prefix_monit_accr_estimates (id, indicatorid, name, mark) VALUES (1172,170,'Количество обучающихся на 1 компьютер выше областного показателя (19,4 - город), (11,2 - сельские территории) ',4);
INSERT INTO prefix_monit_accr_estimates (id, indicatorid, name, mark) VALUES (1173,170,'Равен областному показателю ',3);
INSERT INTO prefix_monit_accr_estimates (id, indicatorid, name, mark) VALUES (1174,170,'Ниже ',0);
INSERT INTO prefix_monit_accr_estimates (id, indicatorid, name, mark) VALUES (1175,171,'Да',4);
INSERT INTO prefix_monit_accr_estimates (id, indicatorid, name, mark) VALUES (1176,171,'Нет',0);
INSERT INTO prefix_monit_accr_estimates (id, indicatorid, name, mark) VALUES (1177,172,'Да',1);
INSERT INTO prefix_monit_accr_estimates (id, indicatorid, name, mark) VALUES (1178,172,'Нет',0);
INSERT INTO prefix_monit_accr_estimates (id, indicatorid, name, mark) VALUES (1179,173,'Да',2);
INSERT INTO prefix_monit_accr_estimates (id, indicatorid, name, mark) VALUES (1180,173,'Нет',0);
INSERT INTO prefix_monit_accr_estimates (id, indicatorid, name, mark) VALUES (1181,174,'Да',1);
INSERT INTO prefix_monit_accr_estimates (id, indicatorid, name, mark) VALUES (1182,174,'Нет',0);
INSERT INTO prefix_monit_accr_estimates (id, indicatorid, name, mark) VALUES (1183,175,'Да',2);
INSERT INTO prefix_monit_accr_estimates (id, indicatorid, name, mark) VALUES (1184,175,'Нет',0);
INSERT INTO prefix_monit_accr_estimates (id, indicatorid, name, mark) VALUES (1185,176,'Да',4);
INSERT INTO prefix_monit_accr_estimates (id, indicatorid, name, mark) VALUES (1186,176,'Нет',0);
INSERT INTO prefix_monit_accr_estimates (id, indicatorid, name, mark) VALUES (1187,177,'Да',2);
INSERT INTO prefix_monit_accr_estimates (id, indicatorid, name, mark) VALUES (1188,177,'Нет',0);
INSERT INTO prefix_monit_accr_estimates (id, indicatorid, name, mark) VALUES (1189,178,'Выше ежегодного областного показателя(91,4% учебных кабинетов, имеющих паспорта в городе, 88,1% учебных кабинетов, имеющих паспорта в сельской территории) ',4);
INSERT INTO prefix_monit_accr_estimates (id, indicatorid, name, mark) VALUES (1190,178,'Равен областному',3);
INSERT INTO prefix_monit_accr_estimates (id, indicatorid, name, mark) VALUES (1191,178,'Ниже',0);
INSERT INTO prefix_monit_accr_estimates (id, indicatorid, name, mark) VALUES (1192,179,'Выше ежегодного областного показателя (98,5% -город, 88,5% - сельские территории) ',4);
INSERT INTO prefix_monit_accr_estimates (id, indicatorid, name, mark) VALUES (1193,179,'равен областному',3);
INSERT INTO prefix_monit_accr_estimates (id, indicatorid, name, mark) VALUES (1194,179,'Ниже',0);
INSERT INTO prefix_monit_accr_estimates (id, indicatorid, name, mark) VALUES (1195,180,'Да',1);
INSERT INTO prefix_monit_accr_estimates (id, indicatorid, name, mark) VALUES (1196,180,'Нет',0);
INSERT INTO prefix_monit_accr_estimates (id, indicatorid, name, mark) VALUES (1197,181,'Выше ежегодного областного показателя (72,3%- город, 65,1% в сельской территории)',4);
INSERT INTO prefix_monit_accr_estimates (id, indicatorid, name, mark) VALUES (1198,181,'Равен областному',3);
INSERT INTO prefix_monit_accr_estimates (id, indicatorid, name, mark) VALUES (1199,181,'Ниже',0);
INSERT INTO prefix_monit_accr_estimates (id, indicatorid, name, mark) VALUES (1200,182,'Организован подвоз обучающихся внутри образовательного или школьного округа',4);
INSERT INTO prefix_monit_accr_estimates (id, indicatorid, name, mark) VALUES (1201,182,'Отсутствие подвоза обучающихся',0);
INSERT INTO prefix_monit_accr_estimates (id, indicatorid, name, mark) VALUES (1202,200,'Нет ',0);
INSERT INTO prefix_monit_accr_estimates (id, indicatorid, name, mark) VALUES (1203,200,'Да',1);
INSERT INTO prefix_monit_accr_estimates (id, indicatorid, name, mark) VALUES (1204,201,'Нет ',0);
INSERT INTO prefix_monit_accr_estimates (id, indicatorid, name, mark) VALUES (1205,201,'Да',1);
INSERT INTO prefix_monit_accr_estimates (id, indicatorid, name, mark) VALUES (1206,202,'Нет ',0);
INSERT INTO prefix_monit_accr_estimates (id, indicatorid, name, mark) VALUES (1207,202,'Да',1);
INSERT INTO prefix_monit_accr_estimates (id, indicatorid, name, mark) VALUES (1208,203,'Нет ',0);
INSERT INTO prefix_monit_accr_estimates (id, indicatorid, name, mark) VALUES (1209,203,'Да',1);
INSERT INTO prefix_monit_accr_estimates (id, indicatorid, name, mark) VALUES (1210,204,'Нет ',0);
INSERT INTO prefix_monit_accr_estimates (id, indicatorid, name, mark) VALUES (1211,204,'Да',1);
INSERT INTO prefix_monit_accr_estimates (id, indicatorid, name, mark) VALUES (1212,205,'Нет ',0);
INSERT INTO prefix_monit_accr_estimates (id, indicatorid, name, mark) VALUES (1213,205,'Да',1);
INSERT INTO prefix_monit_accr_estimates (id, indicatorid, name, mark) VALUES (1214,206,'Нет ',0);
INSERT INTO prefix_monit_accr_estimates (id, indicatorid, name, mark) VALUES (1215,206,'Да',1);
INSERT INTO prefix_monit_accr_estimates (id, indicatorid, name, mark) VALUES (1216,207,'Нет ',0);
INSERT INTO prefix_monit_accr_estimates (id, indicatorid, name, mark) VALUES (1217,207,'Да',1);
INSERT INTO prefix_monit_accr_estimates (id, indicatorid, name, mark) VALUES (1218,208,'Нет ',0);
INSERT INTO prefix_monit_accr_estimates (id, indicatorid, name, mark) VALUES (1219,208,'Да ',1);
INSERT INTO prefix_monit_accr_estimates (id, indicatorid, name, mark) VALUES (1220,209,'Городские Ниже 74%, Cельские Ниже 71%',0);
INSERT INTO prefix_monit_accr_estimates (id, indicatorid, name, mark) VALUES (1221,209,'Городские 74%, Cельские 71%',2);
INSERT INTO prefix_monit_accr_estimates (id, indicatorid, name, mark) VALUES (1222,209,'Городские Выше 74%, Cельские Выше 71%',3);
INSERT INTO prefix_monit_accr_estimates (id, indicatorid, name, mark) VALUES (1223,210,'Городские Ниже 54%, Cельские Ниже 79%',0);
INSERT INTO prefix_monit_accr_estimates (id, indicatorid, name, mark) VALUES (1224,210,'Городские 54%, Cельские 79%',2);
INSERT INTO prefix_monit_accr_estimates (id, indicatorid, name, mark) VALUES (1225,210,'Городские Выше 54%, Cельские Выше 79%',3);
INSERT INTO prefix_monit_accr_estimates (id, indicatorid, name, mark) VALUES (1226,211,'Городские Ниже 83%, Cельские Ниже 76.7%',0);
INSERT INTO prefix_monit_accr_estimates (id, indicatorid, name, mark) VALUES (1227,211,'Городские 83%, Cельские 76.7%',2);
INSERT INTO prefix_monit_accr_estimates (id, indicatorid, name, mark) VALUES (1228,211,'Городские Выше 83%, Cельские Выше 76.7%',3);
INSERT INTO prefix_monit_accr_estimates (id, indicatorid, name, mark) VALUES (1229,212,'Городские Ниже 28%, Cельские Ниже 16%',0);
INSERT INTO prefix_monit_accr_estimates (id, indicatorid, name, mark) VALUES (1230,212,'Городские 28%, Cельские 16%',2);
INSERT INTO prefix_monit_accr_estimates (id, indicatorid, name, mark) VALUES (1231,212,'Городские Выше 28%, Cельские Выше 16%',3);
INSERT INTO prefix_monit_accr_estimates (id, indicatorid, name, mark) VALUES (1232,213,'Городские Ниже 94%, Cельские Ниже 96%',0);
INSERT INTO prefix_monit_accr_estimates (id, indicatorid, name, mark) VALUES (1233,213,'Городские 94%, Cельские 96%',2);
INSERT INTO prefix_monit_accr_estimates (id, indicatorid, name, mark) VALUES (1234,213,'Городские Выше 94%, Cельские Выше 96%',3);
INSERT INTO prefix_monit_accr_estimates (id, indicatorid, name, mark) VALUES (1235,214,'Городские Ниже 42%,Cельские Ниже 47%',0);
INSERT INTO prefix_monit_accr_estimates (id, indicatorid, name, mark) VALUES (1236,214,'Городские 42%, Cельские 47%',2);
INSERT INTO prefix_monit_accr_estimates (id, indicatorid, name, mark) VALUES (1237,214,'Городские Выше 42%, Cельские Выше 47%',3);
INSERT INTO prefix_monit_accr_estimates (id, indicatorid, name, mark) VALUES (1238,215,'Приспособленные, общая площадь не соответствует лицензионному нормативу',0);
INSERT INTO prefix_monit_accr_estimates (id, indicatorid, name, mark) VALUES (1239,215,'50% -приспособленных; 50% - типовых проектов',2);
INSERT INTO prefix_monit_accr_estimates (id, indicatorid, name, mark) VALUES (1240,215,'Типовые проекты, общая площадь соответствует лицензионному нормативу',4);
INSERT INTO prefix_monit_accr_estimates (id, indicatorid, name, mark) VALUES (1241,216,'Лицензионные условия и требования не выполняются',0);
INSERT INTO prefix_monit_accr_estimates (id, indicatorid, name, mark) VALUES (1242,216,'Имеются замечания',2);
INSERT INTO prefix_monit_accr_estimates (id, indicatorid, name, mark) VALUES (1243,216,'Лицензионные условия и требования выполняются',4);
INSERT INTO prefix_monit_accr_estimates (id, indicatorid, name, mark) VALUES (1244,217,'Нет',0);
INSERT INTO prefix_monit_accr_estimates (id, indicatorid, name, mark) VALUES (1245,217,'Имеется библиотека, медиотеки – нет',1);
INSERT INTO prefix_monit_accr_estimates (id, indicatorid, name, mark) VALUES (1246,217,'Имеется, обеспеченность педагогов и обучающихся учебными пособиями 55% - 74%',2);
INSERT INTO prefix_monit_accr_estimates (id, indicatorid, name, mark) VALUES (1247,217,'Имеется, обеспеченность педагогов и обучающихся учебными пособиями 75% - 89%',3);
INSERT INTO prefix_monit_accr_estimates (id, indicatorid, name, mark) VALUES (1248,217,'Имеется, обеспеченность педагогов и обучающихся учебными пособиями 90% - !00%',4);
INSERT INTO prefix_monit_accr_estimates (id, indicatorid, name, mark) VALUES (1249,218,'Не используется',0);
INSERT INTO prefix_monit_accr_estimates (id, indicatorid, name, mark) VALUES (1250,218,'Используется 1 индикатор',1);
INSERT INTO prefix_monit_accr_estimates (id, indicatorid, name, mark) VALUES (1251,218,'Используется 3 индикатора',2);
INSERT INTO prefix_monit_accr_estimates (id, indicatorid, name, mark) VALUES (1252,218,'Используется 3 индикатора',3);
INSERT INTO prefix_monit_accr_estimates (id, indicatorid, name, mark) VALUES (1253,218,'Используется все индикаторы',4);
INSERT INTO prefix_monit_accr_estimates (id, indicatorid, name, mark) VALUES (1254,219,'Не в полной мере',0);
INSERT INTO prefix_monit_accr_estimates (id, indicatorid, name, mark) VALUES (1255,219,'1',1);
INSERT INTO prefix_monit_accr_estimates (id, indicatorid, name, mark) VALUES (1256,220,'Нет',0);
INSERT INTO prefix_monit_accr_estimates (id, indicatorid, name, mark) VALUES (1257,220,'Да',1);
INSERT INTO prefix_monit_accr_estimates (id, indicatorid, name, mark) VALUES (1258,221,'Нет ',0);
INSERT INTO prefix_monit_accr_estimates (id, indicatorid, name, mark) VALUES (1259,221,'Да',1);
INSERT INTO prefix_monit_accr_estimates (id, indicatorid, name, mark) VALUES (1260,222,'Нет ',0);
INSERT INTO prefix_monit_accr_estimates (id, indicatorid, name, mark) VALUES (1261,222,'Да',1);
INSERT INTO prefix_monit_accr_estimates (id, indicatorid, name, mark) VALUES (1262,223,'Ниже 50%',0);
INSERT INTO prefix_monit_accr_estimates (id, indicatorid, name, mark) VALUES (1263,223,'50%-60% ',1);
INSERT INTO prefix_monit_accr_estimates (id, indicatorid, name, mark) VALUES (1264,223,'60%-70% ',2);
INSERT INTO prefix_monit_accr_estimates (id, indicatorid, name, mark) VALUES (1265,223,'70%-80%',3);
INSERT INTO prefix_monit_accr_estimates (id, indicatorid, name, mark) VALUES (1266,223,'80%-100%',4);
INSERT INTO prefix_monit_accr_estimates (id, indicatorid, name, mark) VALUES (1267,224,'Участие в мероприятиях на уровне образовательного учреждения',0);
INSERT INTO prefix_monit_accr_estimates (id, indicatorid, name, mark) VALUES (1268,225,'Призовые места обучающихся и учреждения в муниципальных конкурсах, фестивалях, выставках',1);
INSERT INTO prefix_monit_accr_estimates (id, indicatorid, name, mark) VALUES (1269,224,'Участие обучающихся и учреждения в областных конкурсах, фестивалях, выставках, наличие призеров, лауреатов, дипломантов на районном уровне',2);
INSERT INTO prefix_monit_accr_estimates (id, indicatorid, name, mark) VALUES (1270,224,'Участие во Всероссийских конкурсах, фестивалях, выставках, наличие призеров, лауреатов, дипломантов на областном уровне',3);
INSERT INTO prefix_monit_accr_estimates (id, indicatorid, name, mark) VALUES (1271,224,'Участие обучающихся и учреждения в международных конкурсах, фестивалях, выставках, наличие призеров, лауреатов, дипломантов Всероссийского уровня',4);
INSERT INTO prefix_monit_accr_estimates (id, indicatorid, name, mark) VALUES (1272,300,'Да',1);
INSERT INTO prefix_monit_accr_estimates (id, indicatorid, name, mark) VALUES (1273,300,'Нет ',0);
INSERT INTO prefix_monit_accr_estimates (id, indicatorid, name, mark) VALUES (1274,301,'Да',1);
INSERT INTO prefix_monit_accr_estimates (id, indicatorid, name, mark) VALUES (1275,301,'Нет ',0);
INSERT INTO prefix_monit_accr_estimates (id, indicatorid, name, mark) VALUES (1276,302,'Да',1);
INSERT INTO prefix_monit_accr_estimates (id, indicatorid, name, mark) VALUES (1277,302,'Нет ',0);
INSERT INTO prefix_monit_accr_estimates (id, indicatorid, name, mark) VALUES (1278,303,'Да',1);
INSERT INTO prefix_monit_accr_estimates (id, indicatorid, name, mark) VALUES (1279,303,'Нет ',0);
INSERT INTO prefix_monit_accr_estimates (id, indicatorid, name, mark) VALUES (1280,304,'Да',1);
INSERT INTO prefix_monit_accr_estimates (id, indicatorid, name, mark) VALUES (1281,304,'Нет ',0);
INSERT INTO prefix_monit_accr_estimates (id, indicatorid, name, mark) VALUES (1282,305,'Да',1);
INSERT INTO prefix_monit_accr_estimates (id, indicatorid, name, mark) VALUES (1283,305,'Нет ',0);
INSERT INTO prefix_monit_accr_estimates (id, indicatorid, name, mark) VALUES (1284,306,'Да',1);
INSERT INTO prefix_monit_accr_estimates (id, indicatorid, name, mark) VALUES (1285,306,'Нет ',0);
INSERT INTO prefix_monit_accr_estimates (id, indicatorid, name, mark) VALUES (1286,307,'Да',1);
INSERT INTO prefix_monit_accr_estimates (id, indicatorid, name, mark) VALUES (1287,307,'Нет ',0);
INSERT INTO prefix_monit_accr_estimates (id, indicatorid, name, mark) VALUES (1288,308,'Да',1);
INSERT INTO prefix_monit_accr_estimates (id, indicatorid, name, mark) VALUES (1289,308,'Нет ',0);
INSERT INTO prefix_monit_accr_estimates (id, indicatorid, name, mark) VALUES (1290,309,'Да',1);
INSERT INTO prefix_monit_accr_estimates (id, indicatorid, name, mark) VALUES (1291,309,'Нет ',0);
INSERT INTO prefix_monit_accr_estimates (id, indicatorid, name, mark) VALUES (1292,310,'Да',1);
INSERT INTO prefix_monit_accr_estimates (id, indicatorid, name, mark) VALUES (1293,310,'Нет ',0);
INSERT INTO prefix_monit_accr_estimates (id, indicatorid, name, mark) VALUES (1294,311,'от 90% до 100%',4);
INSERT INTO prefix_monit_accr_estimates (id, indicatorid, name, mark) VALUES (1295,311,'от 80% до 90%',3);
INSERT INTO prefix_monit_accr_estimates (id, indicatorid, name, mark) VALUES (1296,311,'от 70% до 80% ',2);
INSERT INTO prefix_monit_accr_estimates (id, indicatorid, name, mark) VALUES (1297,311,'от 60% до 70%',1);
INSERT INTO prefix_monit_accr_estimates (id, indicatorid, name, mark) VALUES (1298,311,'менее 60%',0);
INSERT INTO prefix_monit_accr_estimates (id, indicatorid, name, mark) VALUES (1299,312,'Да',1);
INSERT INTO prefix_monit_accr_estimates (id, indicatorid, name, mark) VALUES (1300,312,'Нет ',0);
INSERT INTO prefix_monit_accr_estimates (id, indicatorid, name, mark) VALUES (1301,313,'Да',1);
INSERT INTO prefix_monit_accr_estimates (id, indicatorid, name, mark) VALUES (1302,313,'Нет ',0);
INSERT INTO prefix_monit_accr_estimates (id, indicatorid, name, mark) VALUES (1303,314,'Да',1);
INSERT INTO prefix_monit_accr_estimates (id, indicatorid, name, mark) VALUES (1304,314,'Нет ',0);
INSERT INTO prefix_monit_accr_estimates (id, indicatorid, name, mark) VALUES (1305,315,'Да',1);
INSERT INTO prefix_monit_accr_estimates (id, indicatorid, name, mark) VALUES (1306,315,'Нет ',0);
INSERT INTO prefix_monit_accr_estimates (id, indicatorid, name, mark) VALUES (1307,316,'Да',1);
INSERT INTO prefix_monit_accr_estimates (id, indicatorid, name, mark) VALUES (1308,316,'Нет ',0);
INSERT INTO prefix_monit_accr_estimates (id, indicatorid, name, mark) VALUES (1309,317,'75-100%% ',4);
INSERT INTO prefix_monit_accr_estimates (id, indicatorid, name, mark) VALUES (1310,317,'50- 75%%',3);
INSERT INTO prefix_monit_accr_estimates (id, indicatorid, name, mark) VALUES (1311,317,'25-50%%',2);
INSERT INTO prefix_monit_accr_estimates (id, indicatorid, name, mark) VALUES (1312,317,'менее 50%',1);
INSERT INTO prefix_monit_accr_estimates (id, indicatorid, name, mark) VALUES (1313,317,'0',0);
INSERT INTO prefix_monit_accr_estimates (id, indicatorid, name, mark) VALUES (1314,318,'75-100%%',4);
INSERT INTO prefix_monit_accr_estimates (id, indicatorid, name, mark) VALUES (1315,318,'50-75%%',3);
INSERT INTO prefix_monit_accr_estimates (id, indicatorid, name, mark) VALUES (1316,318,'25-50%%',2);
INSERT INTO prefix_monit_accr_estimates (id, indicatorid, name, mark) VALUES (1317,318,'до 25%%',1);
INSERT INTO prefix_monit_accr_estimates (id, indicatorid, name, mark) VALUES (1318,318,'0',0);
INSERT INTO prefix_monit_accr_estimates (id, indicatorid, name, mark) VALUES (1319,319,'50-40%',4);
INSERT INTO prefix_monit_accr_estimates (id, indicatorid, name, mark) VALUES (1320,319,'40-30%',3);
INSERT INTO prefix_monit_accr_estimates (id, indicatorid, name, mark) VALUES (1321,319,'30-20%',2);
INSERT INTO prefix_monit_accr_estimates (id, indicatorid, name, mark) VALUES (1322,319,'20% -10%',1);
INSERT INTO prefix_monit_accr_estimates (id, indicatorid, name, mark) VALUES (1323,319,'ниже 10%',0);
INSERT INTO prefix_monit_accr_estimates (id, indicatorid, name, mark) VALUES (1324,320,'1',4);
INSERT INTO prefix_monit_accr_estimates (id, indicatorid, name, mark) VALUES (1325,320,'90 и более %',3);
INSERT INTO prefix_monit_accr_estimates (id, indicatorid, name, mark) VALUES (1326,320,'80 и более %',2);
INSERT INTO prefix_monit_accr_estimates (id, indicatorid, name, mark) VALUES (1327,320,'70 и более %',1);
INSERT INTO prefix_monit_accr_estimates (id, indicatorid, name, mark) VALUES (1328,320,'менее 70%',0);
INSERT INTO prefix_monit_accr_estimates (id, indicatorid, name, mark) VALUES (1329,321,'100% родителей удовлетворены качеством образования',4);
INSERT INTO prefix_monit_accr_estimates (id, indicatorid, name, mark) VALUES (1330,321,'качеством образования удовлетворены от 90% до 100% родителей',3);
INSERT INTO prefix_monit_accr_estimates (id, indicatorid, name, mark) VALUES (1331,321,'качеством образования удовлетворены от 80% до 90% родителей',2);
INSERT INTO prefix_monit_accr_estimates (id, indicatorid, name, mark) VALUES (1332,321,'качеством образования удовлетворены от 70% до 80% родителей',1);
INSERT INTO prefix_monit_accr_estimates (id, indicatorid, name, mark) VALUES (1333,321,'качеством образования удовлетворены менее 70% родителей',0);
INSERT INTO prefix_monit_accr_estimates (id, indicatorid, name, mark) VALUES (1334,322,'Нет ',1);
INSERT INTO prefix_monit_accr_estimates (id, indicatorid, name, mark) VALUES (1335,322,'Да',0);
INSERT INTO prefix_monit_accr_estimates (id, indicatorid, name, mark) VALUES (1336,323,'высшее образование имеют выше 50% педагогов',4);
INSERT INTO prefix_monit_accr_estimates (id, indicatorid, name, mark) VALUES (1337,323,'высшее образование имеют от 30% до 50% педагогов',3);
INSERT INTO prefix_monit_accr_estimates (id, indicatorid, name, mark) VALUES (1338,323,'высшее образование имеют от 20% до 30% педагогов',2);
INSERT INTO prefix_monit_accr_estimates (id, indicatorid, name, mark) VALUES (1339,323,'высшее образование имеют от 10% до 20% педагогов',1);
INSERT INTO prefix_monit_accr_estimates (id, indicatorid, name, mark) VALUES (1340,323,'высшее образование имеют менее 10% педагогов',0);
INSERT INTO prefix_monit_accr_estimates (id, indicatorid, name, mark) VALUES (1341,324,'квалификационные категории имеют выше 75% педагогов',4);
INSERT INTO prefix_monit_accr_estimates (id, indicatorid, name, mark) VALUES (1342,324,'квалификационные категории имеют от 50% до 75% педагогов',3);
INSERT INTO prefix_monit_accr_estimates (id, indicatorid, name, mark) VALUES (1343,324,'квалификационные категории имеют от 40% до 50% педагогов',2);
INSERT INTO prefix_monit_accr_estimates (id, indicatorid, name, mark) VALUES (1344,324,'квалификационные категории имеют от 25% до 40% педагогов',1);
INSERT INTO prefix_monit_accr_estimates (id, indicatorid, name, mark) VALUES (1345,324,'квалификационные категории имеют менее 25% педагогов',0);
INSERT INTO prefix_monit_accr_estimates (id, indicatorid, name, mark) VALUES (1346,325,'высшую категорию имеют выше 30% педагогов',4);
INSERT INTO prefix_monit_accr_estimates (id, indicatorid, name, mark) VALUES (1347,325,'высшую категорию имеют от 20% до 30% педагогов',3);
INSERT INTO prefix_monit_accr_estimates (id, indicatorid, name, mark) VALUES (1348,325,'высшую категорию имеют от 10% до 20% педагогов',2);
INSERT INTO prefix_monit_accr_estimates (id, indicatorid, name, mark) VALUES (1349,325,'высшую категорию имеют до 10% педагогов',1);
INSERT INTO prefix_monit_accr_estimates (id, indicatorid, name, mark) VALUES (1350,325,'нет педагогов, имеющих высшую категорию',0);
INSERT INTO prefix_monit_accr_estimates (id, indicatorid, name, mark) VALUES (1351,326,'100%',4);
INSERT INTO prefix_monit_accr_estimates (id, indicatorid, name, mark) VALUES (1352,326,'от 80% до 99%',3);
INSERT INTO prefix_monit_accr_estimates (id, indicatorid, name, mark) VALUES (1353,326,'от 70% до 80% ',2);
INSERT INTO prefix_monit_accr_estimates (id, indicatorid, name, mark) VALUES (1354,326,'от 60% до 70%',1);
INSERT INTO prefix_monit_accr_estimates (id, indicatorid, name, mark) VALUES (1355,326,'менее 60%',0);
INSERT INTO prefix_monit_accr_estimates (id, indicatorid, name, mark) VALUES (1356,327,'100%',4);
INSERT INTO prefix_monit_accr_estimates (id, indicatorid, name, mark) VALUES (1357,327,'от 80% до 99%',3);
INSERT INTO prefix_monit_accr_estimates (id, indicatorid, name, mark) VALUES (1358,327,'от 70% до 80% ',2);
INSERT INTO prefix_monit_accr_estimates (id, indicatorid, name, mark) VALUES (1359,327,'от 60% до 70%',1);
INSERT INTO prefix_monit_accr_estimates (id, indicatorid, name, mark) VALUES (1360,327,'менее 60%',0);
INSERT INTO prefix_monit_accr_estimates (id, indicatorid, name, mark) VALUES (1361,328,'Да',1);
INSERT INTO prefix_monit_accr_estimates (id, indicatorid, name, mark) VALUES (1362,328,'Нет ',0);
INSERT INTO prefix_monit_accr_estimates (id, indicatorid, name, mark) VALUES (1363,329,'Да',1);
INSERT INTO prefix_monit_accr_estimates (id, indicatorid, name, mark) VALUES (1364,329,'Нет ',0);
INSERT INTO prefix_monit_accr_estimates (id, indicatorid, name, mark) VALUES (1365,330,'Да',1);
INSERT INTO prefix_monit_accr_estimates (id, indicatorid, name, mark) VALUES (1366,330,'Нет ',0);
INSERT INTO prefix_monit_accr_estimates (id, indicatorid, name, mark) VALUES (1367,331,'Да',1);
INSERT INTO prefix_monit_accr_estimates (id, indicatorid, name, mark) VALUES (1368,331,'Нет ',0);
INSERT INTO prefix_monit_accr_estimates (id, indicatorid, name, mark) VALUES (1369,332,'Да',1);
INSERT INTO prefix_monit_accr_estimates (id, indicatorid, name, mark) VALUES (1370,332,'Нет ',0);
INSERT INTO prefix_monit_accr_estimates (id, indicatorid, name, mark) VALUES (1371,333,'Да',1);
INSERT INTO prefix_monit_accr_estimates (id, indicatorid, name, mark) VALUES (1372,333,'Нет ',0);
INSERT INTO prefix_monit_accr_estimates (id, indicatorid, name, mark) VALUES (1373,334,'1',4);
INSERT INTO prefix_monit_accr_estimates (id, indicatorid, name, mark) VALUES (1374,334,'90 и более %',3);
INSERT INTO prefix_monit_accr_estimates (id, indicatorid, name, mark) VALUES (1375,334,'80 и более %',2);
INSERT INTO prefix_monit_accr_estimates (id, indicatorid, name, mark) VALUES (1376,334,'70 и более %',1);
INSERT INTO prefix_monit_accr_estimates (id, indicatorid, name, mark) VALUES (1377,334,'менее 70%',0);
INSERT INTO prefix_monit_accr_estimates (id, indicatorid, name, mark) VALUES (1378,335,'100%',4);
INSERT INTO prefix_monit_accr_estimates (id, indicatorid, name, mark) VALUES (1379,335,'90 и более %',3);
INSERT INTO prefix_monit_accr_estimates (id, indicatorid, name, mark) VALUES (1380,335,'80 и более %',2);
INSERT INTO prefix_monit_accr_estimates (id, indicatorid, name, mark) VALUES (1381,335,'70 и более %',1);
INSERT INTO prefix_monit_accr_estimates (id, indicatorid, name, mark) VALUES (1382,335,'менее 70%',0);
INSERT INTO prefix_monit_accr_estimates (id, indicatorid, name, mark) VALUES (1383,336,'по всем четырем направлениям',4);
INSERT INTO prefix_monit_accr_estimates (id, indicatorid, name, mark) VALUES (1384,336,'по трем направлениям ',3);
INSERT INTO prefix_monit_accr_estimates (id, indicatorid, name, mark) VALUES (1385,336,'по двум направлениям',2);
INSERT INTO prefix_monit_accr_estimates (id, indicatorid, name, mark) VALUES (1386,336,'по одному направлению',1);
INSERT INTO prefix_monit_accr_estimates (id, indicatorid, name, mark) VALUES (1387,336,'отсутствие помещений',0);
INSERT INTO prefix_monit_accr_estimates (id, indicatorid, name, mark) VALUES (1388,337,'Да',1);
INSERT INTO prefix_monit_accr_estimates (id, indicatorid, name, mark) VALUES (1389,337,'Нет ',0);
INSERT INTO prefix_monit_accr_estimates (id, indicatorid, name, mark) VALUES (1390,338,'Да',1);
INSERT INTO prefix_monit_accr_estimates (id, indicatorid, name, mark) VALUES (1391,338,'Нет ',0);
